[
  {
    "path": "belonging_group_id",
    "name": "所属",
    "help": "所属のヘルプ文言（FLM側）",
    "type": 10,
    "placeholder_text": "",
    "memo": "",
    "items": [
      {
        "key": "グループ1の代理店",
        "value": "R0003",
        "kind": "DD"
      },
      {
        "key": "グループ1の顧客",
        "value": "R0004",
        "kind": "DC"
      },
      {
        "key": "グループ1のサブグループ",
        "value": "R0005",
        "kind": "DS"
      }
    ]
  }
]
