[
  {
    "path": "target_kind",
    "name": "変更対象",
    "help": "変更対象のヘルプ文言",
    "type": 20,
    "placeholder_text": "",
    "memo": "",
    "items": [
      {
        "key": "グループ情報",
        "value": "0",
        "kind": "D"
      },
      {
        "key": "KeyPerson情報",
        "value": "1",
        "kind": "D"
      }
    ]
  },
  {
    "path": "group.identification.kind_id",
    "name": "グループ分類",
    "help": "グループ分類のヘルプ文言",
    "type": 10,
    "memo": "",
    "placeholder_text": "",
    "items": [
      {
        "key": "BU(4)",
        "value": "4",
        "kind": "D"
      },
      {
        "key": "Block(5)",
        "value": "5",
        "kind": "D"
      },
      {
        "key": "工場(6)",
        "value": "6",
        "kind": "D"
      },
      {
        "key": "DU(7)",
        "value": "7",
        "kind": "D"
      },
      {
        "key": "DB(8)",
        "value": "8",
        "kind": "D"
      },
      {
        "key": "銀行(12)",
        "value": "12",
        "kind": "D"
      },
      {
        "key": "保険(13)",
        "value": "13",
        "kind": "D"
      },
      {
        "key": "ファイナンス(14)",
        "value": "14",
        "kind": "D"
      },
      {
        "key": "グローバル顧客(9)",
        "value": "9",
        "kind": "D"
      },
      {
        "key": "広域顧客(10)",
        "value": "10",
        "kind": "D"
      }
    ]
  },
  {
    "path": "group.identification.label",
    "name": "グループ名称",
    "type": -10,
    "memo": "",
    "placeholder_text": "",
    "items": []
  },
  {
    "path": "group.identification.label_english",
    "name": "グループ名称（英語）",
    "type": -10,
    "memo": "",
    "placeholder_text": "",
    "items": []
  },
  {
    "path": "group.identification.organization_code",
    "name": "組織コード",
    "type": -10,
    "memo": "",
    "placeholder_text": "",
    "items": []
  },
  {
    "path": "group.attribute.customer_publish_group_label",
    "name": "顧客向け公開名称",
    "type": -10,
    "memo": "",
    "placeholder_text": "",
    "items": []
  },
  {
    "path": "group.attribute.phone_no",
    "name": "電話番号",
    "type": -10,
    "memo": "",
    "placeholder_text": "",
    "items": []
  },
  {
    "path": "group.attribute.email",
    "name": "電子メール",
    "type": -10,
    "memo": "",
    "placeholder_text": "",
    "items": []
  },
  {
    "path": "group.attribute.address",
    "name": "住所",
    "type": -10,
    "memo": "",
    "placeholder_text": "",
    "items": []
  },
  {
    "path": "group.attribute.nation_code",
    "name": "所属国",
    "type": 10,
    "memo": "",
    "placeholder_text": "",
    "items": [
      {
        "key": "日本",
        "value": "JP",
        "kind": "D"
      },
      {
        "key": "アメリカ",
        "value": "US",
        "kind": "D"
      },
      {
        "key": "フランス",
        "value": "FR",
        "kind": "D"
      }
    ]
  },
  {
    "path": "group.attribute.time_difference",
    "name": "時差",
    "type": 10,
    "memo": "",
    "placeholder_text": "",
    "items": [
      {
        "key": "-12",
        "value": "-12",
        "kind": "D"
      },
      {
        "key": "-11",
        "value": "-11",
        "kind": "D"
      },
      {
        "key": "-10",
        "value": "-10",
        "kind": "D"
      },
      {
        "key": "-9",
        "value": "-09",
        "kind": "D"
      },
      {
        "key": "-8",
        "value": "-08",
        "kind": "D"
      },
      {
        "key": "-7",
        "value": "-07",
        "kind": "D"
      },
      {
        "key": "-6",
        "value": "-06",
        "kind": "D"
      },
      {
        "key": "-5",
        "value": "-05",
        "kind": "D"
      },
      {
        "key": "-4",
        "value": "-04",
        "kind": "D"
      },
      {
        "key": "-3",
        "value": "-03",
        "kind": "D"
      },
      {
        "key": "-2",
        "value": "-02",
        "kind": "D"
      },
      {
        "key": "-1",
        "value": "-01",
        "kind": "D"
      },
      {
        "key": "0",
        "value": "+00",
        "kind": "D"
      },
      {
        "key": "1",
        "value": "+01",
        "kind": "D"
      },
      {
        "key": "2",
        "value": "+02",
        "kind": "D"
      },
      {
        "key": "3",
        "value": "+03",
        "kind": "D"
      },
      {
        "key": "4",
        "value": "+04",
        "kind": "D"
      },
      {
        "key": "5",
        "value": "+05",
        "kind": "D"
      },
      {
        "key": "6",
        "value": "+06",
        "kind": "D"
      },
      {
        "key": "7",
        "value": "+07",
        "kind": "D"
      },
      {
        "key": "8",
        "value": "+08",
        "kind": "D"
      },
      {
        "key": "9",
        "value": "+09",
        "kind": "D"
      },
      {
        "key": "10",
        "value": "+10",
        "kind": "D"
      },
      {
        "key": "11",
        "value": "+11",
        "kind": "D"
      },
      {
        "key": "12",
        "value": "+12",
        "kind": "D"
      }
    ]
  },
  {
    "path": "group.attribute.time_difference_minute",
    "name": "時差（分）",
    "type": 10,
    "memo": "",
    "placeholder_text": "",
    "items": [
      {
        "key": "0",
        "value": "00",
        "kind": "D"
      },
      {
        "key": "30",
        "value": "30",
        "kind": "D"
      }
    ]
  },
  {
    "path": "group.map_application.id",
    "name": "地図ソフト",
    "type": 20,
    "memo": "",
    "placeholder_text": "",
    "items": []
  },
  {
    "path": "group.configuration_group_id",
    "name": "所属する設定ブロック",
    "type": 20,
    "memo": "",
    "placeholder_text": "",
    "items": [
      {
        "key": "ブロック1",
        "value": "1",
        "kind": "D"
      },
      {
        "key": "ブロック2",
        "value": "2",
        "kind": "D"
      },
      {
        "key": "ブロック3",
        "value": "3",
        "kind": "D"
      }
    ]
  },
  {
    "path": "group.administrator_role.authorities.id",
    "name": "権限（管理者）",
    "type": 30,
    "memo": "",
    "placeholder_text": "",
    "items": []
  },
  {
    "path": "group.administrator_role.authorities.default_kind",
    "name": "権限1",
    "type": 20,
    "memo": "",
    "placeholder_text": "",
    "items": []
  },
  {
    "path": "group.general_role.authorities.id",
    "name": "権限（一般）",
    "type": 30,
    "memo": "",
    "placeholder_text": "",
    "items": []
  },
  {
    "path": "group.general_role.authorities.default_kind",
    "name": "権限1",
    "type": 20,
    "memo": "",
    "placeholder_text": "",
    "items": []
  },
  {
    "path": "key_person_id",
    "name": "KeyPersonID",
    "help": "KeyPersonIDのヘルプ文言",
    "type": -10,
    "placeholder_text": "",
    "memo": "",
    "items": []
  },
  {
    "path": "group.publish_target.global_kind",
    "name": "公開対象全世界区分",
    "type": 10,
    "memo": "",
    "placeholder_text": "",
    "items": [
      {
        "key": "全世界",
        "value": "0",
        "kind": "D"
      },
      {
        "key": "個別",
        "value": "1",
        "kind": "D"
      }
    ]
  },
  {
    "path": "group.preset_roles.authorities.id",
    "name": "権限（配下グループ2）",
    "type": 30,
    "memo": "",
    "placeholder_text": "",
    "items": [
      {
        "key": "権限1",
        "value": "1",
        "kind": "D"
      },
      {
        "key": "権限2",
        "value": "2",
        "kind": "D"
      },
      {
        "key": "権限3",
        "value": "3",
        "kind": "D"
      }
    ]
  },
  {
    "path": "group.preset_roles.authorities.default_kind",
    "name": "デフォルト設定",
    "type": 20,
    "memo": "",
    "placeholder_text": "",
    "items": [
      {
        "key": "ON",
        "value": "1",
        "kind": "D"
      },
      {
        "key": "OFF",
        "value": "0",
        "kind": "D"
      }
    ]
  },
  {
    "path": "user_account",
    "name": "KeyPersonID",
    "help": "KeyPersonIDのヘルプ文言",
    "type": -10,
    "placeholder_text": "",
    "memo": "",
    "items": []
  }
]
