[
  {
    "display_sequence_no": "1",
    "name": "顧客ID",
    "path": "customers.identification.id",
    "control_code": "1",
    "display_code": "1"
  },
  {
    "display_sequence_no": "2",
    "name": "顧客名称",
    "path": "customers.identification.label",
    "control_code": "1",
    "display_code": "1"
  },
  {
    "display_sequence_no": "3",
    "name": "顧客名称（英語）",
    "path": "customers.identification.label_english",
    "control_code": "1",
    "display_code": "1"
  },
  {
    "display_sequence_no": "4",
    "name": "業種",
    "path": "customers.attribute.business_type_name",
    "control_code": "1",
    "display_code": "1"
  },
  {
    "display_sequence_no": "5",
    "name": "所属国",
    "path": "customers.attribute.nation_name",
    "control_code": "1",
    "display_code": "1"
  },
  {
    "display_sequence_no": "6",
    "name": "時差",
    "path": "customers.attribute.time_difference",
    "control_code": "1",
    "display_code": "1"
  },
  {
    "display_sequence_no": "7",
    "name": "電話番号",
    "path": "customers.attribute.phone_no",
    "control_code": "1",
    "display_code": "1"
  },
  {
    "display_sequence_no": "8",
    "name": "メールアドレス",
    "path": "customers.attribute.email",
    "control_code": "1",
    "display_code": "1"
  },
  {
    "display_sequence_no": "9",
    "name": "所在地",
    "path": "customers.attribute.address",
    "control_code": "1",
    "display_code": "1"
  }
]
