[
  {
    "display_sequence_no": "1",
    "name": "SMRインターバル管理項目ID",
    "path": "smr_interval_items.id",
    "control_code": "0",
    "display_code": "0"
  },
  {
    "display_sequence_no": "2",
    "name": "SMRインターバル管理項目名称",
    "path": "smr_interval_items.label",
    "control_code": "1",
    "display_code": "1"
  },
  {
    "display_sequence_no": "3",
    "name": "点検開始SMR",
    "path": "smr_interval_items.inspection_start_smr",
    "control_code": "1",
    "display_code": "1"
  },
  {
    "display_sequence_no": "4",
    "name": "SMRインターバル区分",
    "path": "smr_interval_items.smr_interval_kind",
    "control_code": "0",
    "display_code": "0"
  },
  {
    "display_sequence_no": "5",
    "name": "SMRインターバル",
    "path": "smr_interval_items.smr_interval",
    "control_code": "1",
    "display_code": "1"
  },
  {
    "display_sequence_no": "6",
    "name": "オレンジフラグ閾値区分",
    "path": "smr_interval_items.threshold_kind",
    "control_code": "0",
    "display_code": "0"
  },
  {
    "display_sequence_no": "7",
    "name": "オレンジフラグ閾値",
    "path": "smr_interval_items.threshold",
    "control_code": "1",
    "display_code": "1"
  },
  {
    "display_sequence_no": "8",
    "name": "更新日時",
    "path": "smr_interval_items.update_datetime",
    "control_code": "0",
    "display_code": "0"
  }
]
