[
  {
    "path": "contact_link.customer_contact_links.contact_kind_code",
    "name": "PSSR",
    "help": "PSSRのヘルプ文言",
    "type": 10,
    "memo": "",
    "placeholder_text": "",
    "items": [
      {
        "key": "PSSR1",
        "value": "0",
        "kind": "D"
      },
      {
        "key": "PSSR2",
        "value": "1",
        "kind": "D"
      },
      {
        "key": "PSSR3",
        "value": "2",
        "kind": "D"
      },
      {
        "key": "PSSR4",
        "value": "3",
        "kind": "D"
      },
      {
        "key": "PSSR5",
        "value": "4",
        "kind": "D"
      }
    ]
  }
]
