[
  {
    "path": "contact_link.customer_contact_links.contact_kind_code",
    "name": "パーツ",
    "help": "パーツのヘルプ文言",
    "type": 10,
    "memo": "",
    "placeholder_text": "",
    "items": [
      {
        "key": "パーツ1",
        "value": "0",
        "kind": "D"
      },
      {
        "key": "パーツ2",
        "value": "1",
        "kind": "D"
      },
      {
        "key": "パーツ3",
        "value": "2",
        "kind": "D"
      },
      {
        "key": "パーツ4",
        "value": "3",
        "kind": "D"
      },
      {
        "key": "パーツ5",
        "value": "4",
        "kind": "D"
      }
    ]
  }
]
