[
  {
    "path": "orbcomm_request.nation_id",
    "name": "使用国",
    "help": "使用国のヘルプ文言",
    "type": 10,
    "placeholder_text": "",
    "items": [
      {
        "key": "未選択",
        "value": "-2",
        "kind": "D"
      },
      {
        "key": "担当DB2の使用国001",
        "value": "2001",
        "kind": "D"
      },
      {
        "key": "担当DB2の使用国002",
        "value": "2002",
        "kind": "D"
      },
      {
        "key": "担当DB2の使用国003",
        "value": "2003",
        "kind": "D"
      },
      {
        "key": "担当DB2の使用国004",
        "value": "2004",
        "kind": "D"
      }
    ]
  }
]
