[
  {
    "path": "car.komtrax_unit.terminal_component.part",
    "name": "モニタ品番",
    "help": "モニタ品番のヘルプ文言",
    "type": "-10",
    "memo": "",
    "placeholder_text": "",
    "items": []
  },
  {
    "path": "car.komtrax_unit.terminal_component.serial",
    "name": "モニタシリアル",
    "help": "モニタシリアルのヘルプ文言",
    "type": "-10",
    "memo": "",
    "placeholder_text": "",
    "items": []
  },
  {
    "path": "orbcomm_request.nation_id",
    "name": "使用国",
    "help": "使用国のヘルプ文言",
    "type": 10,
    "placeholder_text": "",
    "items": [
      {
        "key": "未選択",
        "value": "-2",
        "kind": "D"
      },
      {
        "key": "担当DB1の使用国001",
        "value": "1",
        "kind": "D"
      },
      {
        "key": "担当DB1の使用国002",
        "value": "2",
        "kind": "D"
      },
      {
        "key": "担当DB1の使用国003",
        "value": "3",
        "kind": "D"
      },
      {
        "key": "担当DB1の使用国004",
        "value": "4",
        "kind": "D"
      }
    ]
  }
]
