[
  {
    "path": "custom_car_attribute.field_no",
    "name": "車両属性NO",
    "help": "車両属性NOのヘルプ文言",
    "type": 10,
    "memo": "",
    "placeholder_text": "",
    "items": [
      {
        "key": "15",
        "value": "15",
        "kind": "D"
      },
      {
        "key": "25",
        "value": "25",
        "kind": "D"
      },
      {
        "key": "35",
        "value": "35",
        "kind": "D"
      }
    ]
  },
  {
    "path": "custom_car_attribute.names",
    "name": "属性名称",
    "help": "属性名称のヘルプ文言",
    "type": -19,
    "memo": "",
    "placeholder_text": "",
    "items": [
      {
        "key": "xxxx語",
        "value": "xx-YY",
        "kind": "D"
      }
    ]
  },
  {
    "path": "custom_car_attribute.details",
    "name": "表示項目リスト",
    "help": "表示項目リストのヘルプ文言",
    "type": -19,
    "memo": "",
    "placeholder_text": "",
    "items": [
      {
        "key": "xxxx語",
        "value": "xx-YY",
        "kind": "D"
      }
    ]
  }
]
