[
  {
    "display_sequence_no": "0",
    "name": "ID",
    "path": "flag_conditions.id",
    "control_code": "0",
    "display_code": "0"
  },
  {
    "display_sequence_no": "1",
    "name": "担当DB",
    "path": "flag_conditions.support_distributor_label",
    "control_code": "1",
    "display_code": "1"
  },
  {
    "display_sequence_no": "3",
    "name": "フラグ",
    "path": "flag_conditions.flag_code",
    "control_code": "1",
    "display_code": "1"
  },
  {
    "display_sequence_no": "4",
    "name": "エラーコード",
    "path": "flag_conditions.event_condition.event_code",
    "control_code": "1",
    "display_code": "1"
  },
  {
    "display_sequence_no": "7",
    "name": "条件種別",
    "path": "flag_conditions.event_condition.detection_condition_name",
    "control_code": "1",
    "display_code": "1"
  },
  {
    "display_sequence_no": "8",
    "name": "条件",
    "path": "flag_conditions.event_condition.occurrence_identification.condition",
    "control_code": "1",
    "display_code": "1"
  },
  {
    "display_sequence_no": "10",
    "name": "最終更新日",
    "path": "flag_conditions.latest_update_datetime",
    "control_code": "1",
    "display_code": "1"
  },
  {
    "display_sequence_no": "0",
    "name": "最終更新日",
    "path": "flag_conditions.update_datetime",
    "control_code": "0",
    "display_code": "0"
  }
]
