[
  {
    "display_sequence_no": "1",
    "name": "IDキーID",
    "path": "id_keys.id",
    "control_code": "1",
    "display_code": "0"
  },
  {
    "display_sequence_no": "2",
    "name": "IDキー番号",
    "path": "id_keys.code",
    "control_code": "1",
    "display_code": "0"
  },
  {
    "display_sequence_no": "3",
    "name": "オペレータID",
    "path": "id_keys.operator_histories.code",
    "control_code": "1",
    "display_code": "1"
  },
  {
    "display_sequence_no": "4",
    "name": "オペレータ名",
    "path": "id_keys.operator_histories.current_label.label",
    "control_code": "1",
    "display_code": "1"
  },
  {
    "display_sequence_no": "5",
    "name": "期間",
    "path": "id_keys.operator_histories.start_datetime",
    "control_code": "1",
    "display_code": "1"
  },
  {
    "display_sequence_no": "6",
    "name": "終了日時",
    "path": "id_keys.operator_histories.end_datetime",
    "control_code": "1",
    "display_code": "0"
  },
  {
    "display_sequence_no": "7",
    "name": "IDキー更新日時",
    "path": "id_keys.operator_histories.update_datetime",
    "control_code": "0",
    "display_code": "0"
  }
]
