[
  {
    "display_sequence_no": "0",
    "name": "ID",
    "path": "group_areas.id",
    "control_code": "0",
    "display_code": "0"
  },
  {
    "display_sequence_no": "0",
    "name": "更新日時",
    "path": "group_areas.update_datetime",
    "control_code": "0",
    "display_code": "0"
  },
  {
    "display_sequence_no": "1",
    "name": "No",
    "path": "group_areas.no",
    "control_code": "0",
    "display_code": "1"
  },
  {
    "display_sequence_no": "2",
    "name": "グループ毎エリア名称",
    "path": "group_areas.label",
    "control_code": "0",
    "display_code": "1"
  },
  {
    "display_sequence_no": "3",
    "name": "メモ",
    "path": "group_areas.description",
    "control_code": "0",
    "display_code": "1"
  },
  {
    "display_sequence_no": "4",
    "name": "座標",
    "path": "group_areas.feature.geometry.coordinates",
    "control_code": "0",
    "display_code": "0"
  },
  {
    "display_sequence_no": "12",
    "name": "座標",
    "path": "group_areas.edit_feature.geometry.coordinates",
    "control_code": "0",
    "display_code": "0"
  },
  {
    "display_sequence_no": "13",
    "name": "登録形式",
    "path": "group_areas.edit_feature.geometry.type",
    "control_code": "0",
    "display_code": "0"
  },
  {
    "display_sequence_no": "5",
    "name": "設定",
    "path": "group_areas.edit_feature.properties.type_name",
    "control_code": "1",
    "display_code": "0"
  },
  {
    "display_sequence_no": "6",
    "name": "EW",
    "path": "group_areas.edit_feature.properties.east_west_distance",
    "control_code": "1",
    "display_code": "0"
  },
  {
    "display_sequence_no": "7",
    "name": "NS",
    "path": "group_areas.edit_feature.properties.north_south_distance",
    "control_code": "1",
    "display_code": "0"
  }
]
