[
  {
    "display_sequence_no": "1",
    "name": "サービス委託申請ID",
    "path": "service_contract_requests.id",
    "control_code": "0",
    "display_code": "0"
  },
  {
    "display_sequence_no": "2",
    "name": "サービス委託申請状態",
    "path": "service_contract_requests.status",
    "control_code": "0",
    "display_code": "0"
  },
  {
    "display_sequence_no": "3",
    "name": "承認状態",
    "path": "service_contract_requests.status_name",
    "control_code": "1",
    "display_code": "1"
  },
  {
    "display_sequence_no": "4",
    "name": "委託元代理店ID",
    "path": "service_contract_requests.service_distributor.id",
    "control_code": "0",
    "display_code": "0"
  },
  {
    "display_sequence_no": "5",
    "name": "委託元代理店",
    "path": "service_contract_requests.service_distributor.label",
    "control_code": "0",
    "display_code": "1"
  },
  {
    "display_sequence_no": "6",
    "name": "申請者名",
    "path": "service_contract_requests.applicant_label",
    "control_code": "1",
    "display_code": "1"
  },
  {
    "display_sequence_no": "7",
    "name": "電子メール",
    "path": "service_contract_requests.applicant_email",
    "control_code": "1",
    "display_code": "1"
  },
  {
    "display_sequence_no": "8",
    "name": "受信日時",
    "path": "service_contract_requests.receive_datetime",
    "control_code": "1",
    "display_code": "1"
  },
  {
    "display_sequence_no": "9",
    "name": "コメント",
    "path": "service_contract_requests.free_memo",
    "control_code": "0",
    "display_code": "1"
  },
  {
    "display_sequence_no": "10",
    "name": "車両ID",
    "path": "service_contract_requests.car.car_identification.id",
    "control_code": "0",
    "display_code": "0"
  },
  {
    "display_sequence_no": "11",
    "name": "メーカ",
    "path": "service_contract_requests.car.car_identification.maker_name",
    "control_code": "0",
    "display_code": "1"
  },
  {
    "display_sequence_no": "12",
    "name": "機種",
    "path": "service_contract_requests.car.car_identification.model",
    "control_code": "0",
    "display_code": "1"
  },
  {
    "display_sequence_no": "13",
    "name": "型式",
    "path": "service_contract_requests.car.car_identification.type_rev",
    "control_code": "0",
    "display_code": "1"
  },
  {
    "display_sequence_no": "14",
    "name": "機番",
    "path": "service_contract_requests.car.car_identification.serial",
    "control_code": "0",
    "display_code": "1"
  },
  {
    "display_sequence_no": "15",
    "name": "車両種類",
    "path": "service_contract_requests.car.car_identification.division_name",
    "control_code": "0",
    "display_code": "1"
  },
  {
    "display_sequence_no": "16",
    "name": "担当DB",
    "path": "service_contract_requests.car.support_distributor.label",
    "control_code": "0",
    "display_code": "1"
  },
  {
    "display_sequence_no": "17",
    "name": "担当DB（英語）",
    "path": "service_contract_requests.car.support_distributor.label_english",
    "control_code": "0",
    "display_code": "1"
  },
  {
    "display_sequence_no": "18",
    "name": "サービスDB",
    "path": "service_contract_requests.car.service_distributor.label",
    "control_code": "0",
    "display_code": "1"
  },
  {
    "display_sequence_no": "19",
    "name": "サービスDB（英語）",
    "path": "service_contract_requests.car.service_distributor.label_english",
    "control_code": "0",
    "display_code": "1"
  },
  {
    "display_sequence_no": "20",
    "name": "顧客名",
    "path": "service_contract_requests.car.customer.label",
    "control_code": "0",
    "display_code": "1"
  },
  {
    "display_sequence_no": "21",
    "name": "顧客名（英語）",
    "path": "service_contract_requests.car.customer.label_english",
    "control_code": "0",
    "display_code": "1"
  }
]
