[
  {
    "display_sequence_no": "1",
    "name": "日時",
    "path": "operation_histories.datetime",
    "control_code": "1",
    "display_code": "1"
  },
  {
    "display_sequence_no": "2",
    "name": "所属",
    "path": "operation_histories.group_label",
    "control_code": "1",
    "display_code": "1"
  },
  {
    "display_sequence_no": "3",
    "name": "ユーザー名",
    "path": "operation_histories.user_label",
    "control_code": "1",
    "display_code": "1"
  },
  {
    "display_sequence_no": "4",
    "name": "車両種類",
    "path": "operation_histories.division_name",
    "control_code": "1",
    "display_code": "1"
  },
  {
    "display_sequence_no": "5",
    "name": "メーカ",
    "path": "operation_histories.maker_name",
    "control_code": "1",
    "display_code": "1"
  },
  {
    "display_sequence_no": "6",
    "name": "機種",
    "path": "operation_histories.model",
    "control_code": "1",
    "display_code": "1"
  },
  {
    "display_sequence_no": "7",
    "name": "型式",
    "path": "operation_histories.type_rev",
    "control_code": "1",
    "display_code": "1"
  },
  {
    "display_sequence_no": "8",
    "name": "機番",
    "path": "operation_histories.serial",
    "control_code": "1",
    "display_code": "1"
  },
  {
    "display_sequence_no": "9",
    "name": "内容",
    "path": "operation_histories.content",
    "control_code": "1",
    "display_code": "1"
  }
]
