[
  {
    "display_sequence_no": "1",
    "name": "累積燃料消費量管理項目インターバル項目ID",
    "path": "accumulate_fuel_interval_items.id",
    "control_code": "0",
    "display_code": "0"
  },
  {
    "display_sequence_no": "2",
    "name": "担当代理店",
    "path": "accumulate_fuel_interval_items.support_distributor_id",
    "control_code": "0",
    "display_code": "0"
  },
  {
    "display_sequence_no": "3",
    "name": "累積燃料消費量管理項目インターバル項目名称",
    "path": "accumulate_fuel_interval_items.label",
    "control_code": "1",
    "display_code": "1"
  },
  {
    "display_sequence_no": "4",
    "name": "点検開始燃料消費量",
    "path": "accumulate_fuel_interval_items.inspection_start_accumulate_fuel",
    "control_code": "1",
    "display_code": "1"
  },
  {
    "display_sequence_no": "5",
    "name": "累積燃料消費量インターバル区分",
    "path": "accumulate_fuel_interval_items.accumulate_fuel_interval_kind",
    "control_code": "0",
    "display_code": "0"
  },
  {
    "display_sequence_no": "6",
    "name": "累積燃料消費量インターバル",
    "path": "accumulate_fuel_interval_items.accumulate_fuel_interval",
    "control_code": "1",
    "display_code": "1"
  },
  {
    "display_sequence_no": "7",
    "name": "オレンジフラグ閾値区分",
    "path": "accumulate_fuel_interval_items.threshold_kind",
    "control_code": "0",
    "display_code": "0"
  },
  {
    "display_sequence_no": "8",
    "name": "オレンジフラグ閾値",
    "path": "accumulate_fuel_interval_items.threshold",
    "control_code": "1",
    "display_code": "1"
  },
  {
    "display_sequence_no": "9",
    "name": "更新日時",
    "path": "accumulate_fuel_interval_items.update_datetime",
    "control_code": "0",
    "display_code": "0"
  }
]
