[
  {
    "display_sequence_no": "1",
    "name": "担当代理店名称",
    "path": "customer.support_distributor.identification.label",
    "control_code": "1",
    "display_code": "1"
  },
  {
    "display_sequence_no": "2",
    "name": "顧客ID",
    "path": "customer.identification.id",
    "control_code": "0",
    "display_code": "0"
  },
  {
    "display_sequence_no": "3",
    "name": "顧客名称",
    "path": "customer.identification.label",
    "control_code": "1",
    "display_code": "1"
  },
  {
    "display_sequence_no": "4",
    "name": "顧客名称（英語）",
    "path": "customer.identification.label_english",
    "control_code": "1",
    "display_code": "1"
  },
  {
    "display_sequence_no": "5",
    "name": "組織コード",
    "path": "customer.identification.organization_code",
    "control_code": "1",
    "display_code": "1"
  },
  {
    "display_sequence_no": "6",
    "name": "業種名称",
    "path": "customer.attribute.business_type_name",
    "control_code": "1",
    "display_code": "1"
  },
  {
    "display_sequence_no": "7",
    "name": "所属国",
    "path": "customer.attribute.nation_name",
    "control_code": "1",
    "display_code": "1"
  },
  {
    "display_sequence_no": "8",
    "name": "時差",
    "path": "customer.attribute.time_difference",
    "control_code": "1",
    "display_code": "1"
  },
  {
    "display_sequence_no": "9",
    "name": "電話番号",
    "path": "customer.attribute.phone_no",
    "control_code": "1",
    "display_code": "1"
  },
  {
    "display_sequence_no": "10",
    "name": "メールアドレス",
    "path": "customer.attribute.email",
    "control_code": "1",
    "display_code": "1"
  },
  {
    "display_sequence_no": "11",
    "name": "所在地",
    "path": "customer.attribute.address",
    "control_code": "1",
    "display_code": "1"
  },
  {
    "display_sequence_no": "12",
    "name": "顧客名称（レポート用）",
    "path": "customer.attribute.report_display_label",
    "control_code": "1",
    "display_code": "1"
  },
  {
    "display_sequence_no": "13",
    "name": "権限（管理者）",
    "path": "customer.administrator_role",
    "control_code": "1",
    "display_code": "1"
  },
  {
    "display_sequence_no": "14",
    "name": "権限（一般）",
    "path": "customer.general_role",
    "control_code": "1",
    "display_code": "1"
  },
  {
    "display_sequence_no": "15",
    "name": "更新日時",
    "path": "customer.identification.update_datetime",
    "control_code": "0",
    "display_code": "0"
  }
]
