[
  {
    "display_sequence_no": "1",
    "name": "車両ID",
    "path": "cars.car_identification.id",
    "control_code": "0",
    "display_code": "0"
  },
  {
    "display_sequence_no": "2",
    "name": "機種",
    "path": "cars.car_identification.model",
    "control_code": "1",
    "display_code": "1"
  },
  {
    "display_sequence_no": "3",
    "name": "型式",
    "path": "cars.car_identification.type_rev",
    "control_code": "1",
    "display_code": "1"
  },
  {
    "display_sequence_no": "4",
    "name": "機番",
    "path": "cars.car_identification.serial",
    "control_code": "1",
    "display_code": "1"
  },
  {
    "display_sequence_no": "5",
    "name": "担当DB",
    "path": "cars.support_distributor.label",
    "control_code": "0",
    "display_code": "1"
  },
  {
    "display_sequence_no": "6",
    "name": "サービスDB",
    "path": "cars.service_distributor.id",
    "control_code": "0",
    "display_code": "0"
  },
  {
    "display_sequence_no": "7",
    "name": "サービスDB",
    "path": "cars.service_distributor.label",
    "control_code": "0",
    "display_code": "1"
  },
  {
    "display_sequence_no": "8",
    "name": "顧客名",
    "path": "cars.customer.label",
    "control_code": "0",
    "display_code": "1"
  },
  {
    "display_sequence_no": "9",
    "name": "申請者名",
    "path": "cars.service_contract_request.applicant_label",
    "control_code": "0",
    "display_code": "0"
  },
  {
    "display_sequence_no": "10",
    "name": "電子メール",
    "path": "cars.service_contract_request.applicant_email",
    "control_code": "0",
    "display_code": "0"
  },
  {
    "display_sequence_no": "11",
    "name": "コメント",
    "path": "cars.service_contract_request.free_memo",
    "control_code": "0",
    "display_code": "1"
  },
  {
    "display_sequence_no": "12",
    "name": "更新日時",
    "path": "cars.car_identification.update_datetime",
    "control_code": "0",
    "display_code": "0"
  }
]
