[
  {
    "display_sequence_no": "0",
    "name": "車両ID",
    "path": "car.car_identification.id",
    "control_code": "1",
    "display_code": "0"
  },
  {
    "display_sequence_no": "0",
    "name": "最終更新日時",
    "path": "car.car_identification.update_datetime",
    "control_code": "1",
    "display_code": "0"
  },
  {
    "display_sequence_no": "0",
    "name": "貸出期間",
    "path": "car.rental_histories.end_date",
    "control_code": "1",
    "display_code": "0"
  },
  {
    "display_sequence_no": "1",
    "name": "機種",
    "path": "car.car_identification.model",
    "control_code": "1",
    "display_code": "1"
  },
  {
    "display_sequence_no": "2",
    "name": "型式",
    "path": "car.car_identification.type_rev",
    "control_code": "1",
    "display_code": "1"
  },
  {
    "display_sequence_no": "3",
    "name": "機番",
    "path": "car.car_identification.serial",
    "control_code": "1",
    "display_code": "1"
  },
  {
    "display_sequence_no": "4",
    "name": "貸出先",
    "path": "car.rental_histories.customer_label",
    "control_code": "1",
    "display_code": "1"
  },
  {
    "display_sequence_no": "5",
    "name": "貸出期間",
    "path": "car.rental_histories.start_date",
    "control_code": "1",
    "display_code": "1"
  }
]
