[
  {
    "display_sequence_no": "1",
    "name": "機種",
    "path": "accumulate_fuel_interval_item_links.car_condition.model",
    "control_code": "0",
    "display_code": "0"
  },
  {
    "display_sequence_no": "2",
    "name": "型式",
    "path": "accumulate_fuel_interval_item_links.car_condition.type_rev",
    "control_code": "0",
    "display_code": "0"
  },
  {
    "display_sequence_no": "3",
    "name": "累積燃料消費量インターバル管理項目ID",
    "path": "accumulate_fuel_interval_item_links.accumulate_fuel_interval_items.id",
    "control_code": "0",
    "display_code": "0"
  },
  {
    "display_sequence_no": "4",
    "name": "累積燃料消費量インターバル管理項目名称",
    "path": "accumulate_fuel_interval_item_links.accumulate_fuel_interval_items.label",
    "control_code": "1",
    "display_code": "1"
  },
  {
    "display_sequence_no": "5",
    "name": "点検開始累積燃料消費量",
    "path": "accumulate_fuel_interval_item_links.accumulate_fuel_interval_items.inspection_start_accumulate_fuel",
    "control_code": "1",
    "display_code": "1"
  },
  {
    "display_sequence_no": "6",
    "name": "累積燃料消費量インターバル",
    "path": "accumulate_fuel_interval_item_links.accumulate_fuel_interval_items.accumulate_fuel_interval",
    "control_code": "1",
    "display_code": "1"
  },
  {
    "display_sequence_no": "7",
    "name": "オレンジフラグ閾値",
    "path": "accumulate_fuel_interval_item_links.accumulate_fuel_interval_items.threshold",
    "control_code": "1",
    "display_code": "1"
  },
  {
    "display_sequence_no": "8",
    "name": "更新日時",
    "path": "accumulate_fuel_interval_item_links.accumulate_fuel_interval_items.update_datetime",
    "control_code": "0",
    "display_code": "0"
  }
]
