[
  {
    "display_sequence_no": "1",
    "name": "ID",
    "path": "groups.identification.id",
    "control_code": "0",
    "display_code": "0"
  },
  {
    "display_sequence_no": "2",
    "name": "設定グループID",
    "path": "groups.identification.kind_id",
    "control_code": "0",
    "display_code": "0"
  },
  {
    "display_sequence_no": "3",
    "name": "公開中",
    "path": "groups.attribute.publish_kind",
    "control_code": "1",
    "display_code": "1"
  },
  {
    "display_sequence_no": "4",
    "name": "グループ分類",
    "path": "groups.identification.kind_name",
    "control_code": "1",
    "display_code": "1"
  },
  {
    "display_sequence_no": "5",
    "name": "グループ名称",
    "path": "groups.identification.label",
    "control_code": "1",
    "display_code": "1"
  },
  {
    "display_sequence_no": "6",
    "name": "グループ名称（英語）",
    "path": "groups.identification.label_english",
    "control_code": "1",
    "display_code": "1"
  },
  {
    "display_sequence_no": "7",
    "name": "組織コード",
    "path": "groups.identification.organization_code",
    "control_code": "1",
    "display_code": "1"
  },
  {
    "display_sequence_no": "8",
    "name": "電話番号",
    "path": "groups.attribute.phone_no",
    "control_code": "1",
    "display_code": "1"
  },
  {
    "display_sequence_no": "9",
    "name": "電子メール",
    "path": "groups.attribute.email",
    "control_code": "1",
    "display_code": "1"
  },
  {
    "display_sequence_no": "10",
    "name": "所属国コード",
    "path": "groups.attribute.nation_code",
    "control_code": "0",
    "display_code": "0"
  },
  {
    "display_sequence_no": "11",
    "name": "所属国",
    "path": "groups.attribute.nation_name",
    "control_code": "1",
    "display_code": "1"
  },
  {
    "display_sequence_no": "12",
    "name": "住所",
    "path": "groups.attribute.address",
    "control_code": "1",
    "display_code": "1"
  },
  {
    "display_sequence_no": "13",
    "name": "時差",
    "path": "groups.attribute.time_difference",
    "control_code": "1",
    "display_code": "1"
  },
  {
    "display_sequence_no": "14",
    "name": "顧客向け公開名称",
    "path": "groups.attribute.customer_publish_group_label",
    "control_code": "0",
    "display_code": "0"
  },
  {
    "display_sequence_no": "15",
    "name": "所属ブロック",
    "path": "groups.configuration_groups.label",
    "control_code": "1",
    "display_code": "1"
  }
]
