[
  {
    "display_sequence_no": "1",
    "name": "レポートマクロコード",
    "path": "macro_report_code",
    "control_code": "0",
    "display_code": "0"
  },
  {
    "display_sequence_no": "2",
    "name": "一覧表示メニュー",
    "path": "macro_report_name",
    "control_code": "0",
    "display_code": "0"
  },
  {
    "display_sequence_no": "4",
    "name": "マクロバージョン",
    "path": "macro_files.version",
    "control_code": "0",
    "display_code": "0"
  },
  {
    "display_sequence_no": "5",
    "name": "バージョン",
    "path": "macro_files.version_label",
    "control_code": "1",
    "display_code": "1"
  },
  {
    "display_sequence_no": "6",
    "name": "ファイルID",
    "path": "macro_files.id",
    "control_code": "0",
    "display_code": "0"
  },
  {
    "display_sequence_no": "7",
    "name": "サイズ",
    "path": "macro_files.size_label",
    "control_code": "1",
    "display_code": "1"
  },
  {
    "display_sequence_no": "8",
    "name": "コメント",
    "path": "macro_files.free_memo",
    "control_code": "1",
    "display_code": "1"
  },
  {
    "display_sequence_no": "9",
    "name": "更新日時",
    "path": "macro_files.latest_update_datetime",
    "control_code": "1",
    "display_code": "1"
  }
]
