[
  {
    "display_sequence_no": "0",
    "name": "ID",
    "path": "groups.identification.id",
    "control_code": "0",
    "display_code": "0"
  },
  {
    "display_sequence_no": "0",
    "name": "更新日時",
    "path": "groups.identification.update_datetime",
    "control_code": "0",
    "display_code": "0"
  },
  {
    "display_sequence_no": "0",
    "name": "グループ種別ID",
    "path": "groups.identification.kind_id",
    "control_code": "0",
    "display_code": "0"
  },
  {
    "display_sequence_no": "1",
    "name": "顧客グループ",
    "path": "groups.identification.label",
    "control_code": "1",
    "display_code": "1"
  },
  {
    "display_sequence_no": "2",
    "name": "種別",
    "path": "groups.identification.kind_name",
    "control_code": "1",
    "display_code": "1"
  }
]
