[
  {
    "display_sequence_no": "1",
    "name": "SMRインターバル管理項目名称",
    "path": "smr_interval_items.label",
    "control_code": "1",
    "display_code": "2"
  },
  {
    "display_sequence_no": "2",
    "name": "点検開始SMR",
    "path": "smr_interval_items.inspection_start_smr",
    "control_code": "1",
    "display_code": "1"
  },
  {
    "display_sequence_no": "3",
    "name": "SMRインターバル",
    "path": "smr_interval_items.smr_interval",
    "control_code": "1",
    "display_code": "1"
  },
  {
    "display_sequence_no": "4",
    "name": "オレンジフラグ閾値",
    "path": "smr_interval_items.threshold",
    "control_code": "1",
    "display_code": "1"
  }
]
